census_tract,total_people,parks,shelter_beds,building_permits,foreclosures
101110,6,7,0,2900,69
101122,6,7,0,2900,69
101210,19,7,0,2900,69
101220,39,7,0,2900,69
101300,33,7,0,2963,69
101400,17,13,45,5448,130
102103,20,16,0,4392,111
102104,28,17,0,4719,117
102105,10,17,0,4818,118
102107,0,22,0,6940,172
103101,23,13,0,5448,130
103102,2,13,0,5448,130
103200,65,27,0,9050,296
103300,0,22,0,6940,172
103400,17,13,0,5448,130
104103,10,21,0,6502,235
104105,5,44,109,13339,453
104108,6,44,0,13339,453
104124,31,21,0,6502,235
104201,10,47,0,14089,472
104203,8,23,0,6837,218
104204,1,44,0,13339,453
104310,5,26,0,7587,237
104320,121,23,83,6837,218
104401,6,23,0,6837,218
104403,4,23,0,6837,218
104404,7,23,0,6837,218
104500,31,23,29,6837,218
104610,6,23,0,6837,218
104620,0,23,0,6837,218
104701,46,23,0,6837,218
104703,12,39,0,11229,329
104704,13,23,0,6837,218
104810,5,39,0,11229,329
104821,38,23,0,6837,218
104822,14,23,0,6837,218
106010,8,21,0,6502,235
106020,0,21,0,6502,235
106111,0,21,0,6502,235
106112,8,21,125,6502,235
106113,25,21,0,6502,235
106114,3,24,0,7252,254
106403,11,21,0,6502,235
106405,4,21,0,6502,235
106406,4,21,0,6502,235
106407,52,21,0,6502,235
106408,10,21,0,6502,235
106510,21,21,0,6502,235
106520,11,21,0,6502,235
106603,18,29,0,12774,430
106604,13,21,0,6502,235
106641,0,8,0,6272,195
106642,0,8,0,6272,195
106643,0,8,0,6272,195
106645,0,8,0,6272,195
106646,14,8,0,6272,195
106648,0,21,0,6502,235
106649,6,24,0,7252,254
107010,33,21,0,6502,235
107020,28,21,0,6502,235
108101,0,15,0,4905,108
108102,8,15,0,4905,108
108103,0,15,0,4905,108
108104,0,15,0,4905,108
108201,0,15,0,4905,108
108202,0,15,0,4905,108
109100,19,4,0,1664,68
109200,0,8,0,6272,195
109300,2,8,0,6272,195
109400,19,4,0,1664,68
109500,0,3,0,750,19
109601,0,4,0,1664,68
109603,13,4,0,1664,68
109604,0,4,0,1664,68
109700,0,8,0,6272,195
109800,48,9,0,10625,322
111100,1,8,0,6272,195
111201,1,8,0,6272,195
111202,34,8,0,6272,195
111204,2,23,0,9207,166
111205,5,8,0,8159,146
111206,19,31,0,15479,361
111301,34,23,0,15034,391
111302,2,0,0,3857,88
111400,1,9,0,10625,322
113101,1,14,0,5071,141
113102,10,29,0,9976,249
113211,14,14,0,5071,141
113212,2,14,0,5071,141
113213,20,14,0,5071,141
113231,0,13,0,4206,46
113232,0,13,6,4206,46
113233,27,27,0,9277,187
113234,21,19,15,8336,163
113235,0,27,0,9277,187
113237,98,14,0,5071,141
113301,15,22,0,9373,199
113303,29,22,15,9373,199
113321,22,14,0,5071,141
113322,0,22,0,9373,199
113401,13,14,0,8432,175
113421,12,33,0,13407,304
113422,18,19,8,8336,163
115101,5,0,0,3857,88
115103,0,2,0,3900,88
115104,0,0,0,3857,88
115201,0,8,0,8159,146
115202,114,8,34,8159,146
115301,0,8,0,4302,58
115302,11,8,0,4302,58
115401,0,0,0,3857,88
115403,18,0,0,3857,88
115404,8,8,0,4302,58
117101,16,1,0,4353,127
117102,0,1,0,4353,127
117201,0,5,0,6017,195
117202,3,1,0,4353,127
117301,30,1,0,4353,127
117302,0,1,0,4353,127
117303,22,1,0,4353,127
117404,41,1,0,4353,127
117405,1,1,107,4353,127
117407,0,1,0,4353,127
117408,86,1,0,4353,127
117510,37,1,15,4353,127
117520,60,1,58,4353,127
117530,11,1,0,4353,127
119001,26,23,0,6837,218
119002,0,23,0,6837,218
119201,1,23,0,6837,218
119202,26,23,0,6837,218
119310,2,35,0,10802,310
119320,0,12,0,3965,92
119340,1,12,41,3965,92
119341,15,35,0,10802,310
119342,3,12,0,3965,92
119400,4,23,0,6837,218
119700,32,35,0,10802,310
119800,8,23,0,6837,218
119900,17,35,0,10802,310
120010,9,12,0,3965,92
120020,76,12,0,3965,92
120030,10,12,12,3965,92
120103,1,12,0,3965,92
120104,24,12,0,3965,92
120105,2,35,0,10802,310
120106,0,12,0,3965,92
120107,2,12,0,3965,92
120108,10,12,0,3965,92
120300,9,12,0,3965,92
120400,0,12,0,3965,92
121010,27,22,0,8735,201
121020,9,6,0,4343,90
121101,11,16,0,4392,111
121102,40,16,0,4392,111
121210,27,39,0,11229,329
121221,18,16,0,4392,111
121222,50,16,0,4392,111
121600,6,6,0,4343,90
121801,8,6,0,4343,90
121802,16,22,0,8735,201
121900,438,22,0,8735,201
122000,17,45,0,15572,419
122120,3,16,0,4392,111
122121,5,16,0,4392,111
122122,169,16,0,4392,111
122200,21,16,0,4491,112
122410,25,6,0,4343,90
122420,1,6,0,4343,90
123010,38,22,0,8735,201
123020,0,16,0,4392,111
123103,37,19,0,8192,169
123104,3,13,0,3849,79
123203,45,19,0,8192,169
123204,3,19,0,8192,169
123205,57,19,0,8192,169
123206,23,19,0,8192,169
123301,10,19,0,8192,169
123303,0,19,0,8192,169
123304,26,19,0,8192,169
123410,12,6,99,4343,90
123420,14,19,0,8192,169
123510,5,11,14,8272,133
123520,2,1,0,4087,71
123601,16,14,0,7936,150
123602,4,1,0,4087,71
123700,6,13,0,3849,79
123800,9,13,16,7499,137
123901,78,13,0,3849,79
123902,72,27,0,11708,178
124000,2,0,0,3650,58
124102,9,14,0,4209,41
124103,90,13,0,3849,79
124104,9,13,0,3849,79
124105,7,13,0,3849,79
124201,17,13,0,3849,79
124203,4,27,0,8058,120
124204,7,14,0,4209,41
124300,24,27,0,8058,120
124400,0,13,0,7499,137
124500,0,1,0,4087,71
124600,33,9,0,9937,125
124700,3,9,0,13587,183
124902,4,0,0,3650,58
124903,22,0,0,3650,58
125100,0,14,0,7859,99
125200,35,18,0,7167,66
125310,28,14,50,4209,41
125320,20,14,0,4209,41
125401,21,14,0,4209,41
125402,0,18,0,7167,66
125501,9,14,0,4209,41
125502,2,18,0,7167,66
125600,0,18,0,7167,66
127102,51,10,0,4185,62
127103,5,10,0,4185,62
127104,0,10,0,4185,62
127210,22,10,0,4185,62
127220,15,10,0,4185,62
127300,28,16,0,9640,163
127400,48,6,0,5455,101
127520,12,18,0,9420,193
127603,4,6,0,5455,101
127604,0,6,0,5455,101
127605,10,6,0,5455,101
127606,11,6,0,5455,101
127711,9,10,0,8043,133
127712,1,16,0,9640,163
127803,4,10,0,4185,62
127804,4,10,0,4185,62
127805,11,14,0,6773,94
127806,5,14,0,6773,94
127910,49,10,31,4185,62
127920,26,10,0,4185,62
128101,0,11,0,8272,133
128102,9,11,0,8272,133
128210,70,1,147,4087,71
128220,12,1,0,4087,71
128302,20,4,0,2588,32
128303,45,5,24,6675,103
128400,39,4,48,2588,32
128500,11,9,0,9937,125
128601,22,1,0,4087,71
128602,2,9,0,9937,125
128702,8,10,0,10345,100
128801,16,6,0,7083,78
128802,1,6,0,7083,78
128910,7,2,0,4495,46
131010,20,8,0,6033,145
131020,17,8,0,6033,145
131100,0,6,0,9312,189
131200,2,0,0,3857,88
131300,11,8,0,9890,233
131400,60,8,42,9890,233
131600,6,16,0,10335,203
131701,8,8,0,6033,145
131702,0,8,0,6033,145
131800,22,8,0,6033,145
131900,0,6,0,5455,101
132001,0,6,0,5455,101
132002,12,6,0,5455,101
132101,12,6,0,5455,101
132102,24,6,0,5455,101
132300,28,8,0,6033,145
132501,0,8,0,6033,145
132502,9,8,0,6033,145
132700,5,24,0,9920,221
132900,3,24,0,9920,221
133000,8,8,0,6033,145
133100,20,8,0,6033,145
134001,12,3,0,2291,36
134002,5,9,0,6421,153
134101,0,6,0,4130,117
134103,0,6,0,4130,117
134104,11,6,0,4130,117
134201,14,19,0,8336,163
134302,0,13,0,4206,46
134303,13,15,0,5510,115
134304,68,13,0,4206,46
134305,11,13,0,4206,46
134306,5,13,0,4206,46
134421,15,25,0,7425,125
134422,0,25,0,7425,125
134423,6,13,0,4206,46
134424,0,25,0,7425,125
134520,21,3,39,2291,36
134521,46,3,0,2291,36
134522,13,3,0,2291,36
134710,23,6,0,4130,117
134720,8,6,0,4130,117
134800,3,6,0,4130,117
134901,3,14,0,14553,245
134903,8,3,0,2291,36
134904,0,6,0,4130,117
134905,11,6,0,8520,100
135102,0,18,0,11739,179
135111,1,3,0,2291,36
135113,17,6,0,8520,100
135114,2,9,0,10811,136
135201,12,18,0,11739,179
135202,0,18,0,11739,179
135203,2,18,0,11739,179
137000,0,0,0,0,0
137103,7,6,0,8520,100
137104,45,6,0,8520,100
137201,18,7,0,13302,203
137301,33,6,0,8520,100
137302,4,6,0,8520,100
137401,6,7,0,13302,203
137402,5,1,0,4782,103
137501,5,1,0,4782,103
137502,13,1,0,4782,103
137504,0,1,0,4782,103
138000,0,1,0,4782,103
139001,0,16,0,3887,76
139200,0,21,0,8331,167
139301,10,11,0,12964,191
139302,5,5,0,4444,91
139303,6,5,0,4444,91
139401,15,5,0,4444,91
139402,26,6,0,9226,194
139502,0,21,0,8331,167
139503,11,16,0,3887,76
139504,0,16,0,3887,76
139600,4,16,0,3887,76
139701,0,25,0,8680,139
139702,0,25,0,8680,139
139703,0,21,0,8331,167
139801,0,5,0,4444,91
139802,0,5,0,4444,91
141101,2,8,0,5850,54
141102,3,8,0,5850,54
141201,15,10,0,10345,100
141202,0,8,0,5850,54
141302,8,2,0,4495,46
141303,0,2,0,4495,46
141304,9,2,0,4495,46
141400,11,11,0,9288,109
141500,3,20,0,19487,165
141600,1,13,0,13812,125
141700,0,8,20,5850,54
143100,12,4,0,2958,25
143200,6,14,0,9580,85
143300,9,14,0,13230,143
143400,2,18,0,16122,172
143500,10,18,0,12472,114
143602,2,10,0,6622,60
143603,2,14,0,9580,85
143604,38,10,0,6622,60
143700,15,26,0,18724,189
143800,5,14,0,11869,126
143901,6,22,0,16292,148
143902,35,18,0,15605,139
181000,37,13,72,3723,51
181300,8,33,0,8839,121
181400,13,13,0,3714,51
181500,9,34,0,9393,143
181600,23,34,0,9393,143
183101,13,21,0,5679,92
183103,14,21,0,5679,92
183104,11,21,0,5688,92
183220,0,21,0,5679,92
183221,0,21,0,5679,92
183222,11,34,0,9393,143
183300,2,21,0,5679,92
183401,14,21,0,5679,92
183402,5,34,0,9393,143
183510,2,21,0,5679,92
183520,3,21,0,5679,92
183610,22,21,0,5679,92
183620,3,21,0,5679,92
183701,3,21,0,5679,92
183702,2,21,0,5679,92
183810,3,21,0,5679,92
183820,7,21,0,5679,92
185100,35,67,0,13415,208
185202,1,20,0,5125,70
185203,13,20,0,5125,70
185204,0,20,0,5125,70
185310,14,20,0,5125,70
185320,24,20,0,5125,70
186100,1,33,0,8839,121
186201,10,54,0,14518,213
186202,0,20,0,5125,70
186203,8,41,0,10804,162
186301,0,20,0,5125,70
186302,15,20,0,5125,70
186401,4,20,0,5125,70
186403,8,20,0,5125,70
186404,4,20,0,5125,70
187101,0,11,0,4867,51
187102,2,31,0,9992,121
187200,5,11,0,4867,51
187300,32,11,0,4867,51
188100,68,11,36,4867,51
188201,4,52,0,10460,98
188202,1,41,0,5593,47
188300,10,11,0,4867,51
189101,24,41,0,5593,47
189102,0,41,0,5593,47
189201,17,41,0,5593,47
189202,5,41,0,5593,47
189300,0,53,0,16779,122
189400,2,4,12,5247,66
189500,0,12,27,11186,75
189600,8,12,0,11186,75
189701,9,4,0,5247,66
189702,5,12,0,11186,75
189800,8,12,0,6537,63
189902,6,12,30,6537,63
189903,1,12,0,6537,63
189904,9,20,0,12476,72
189905,2,12,0,6537,63
190100,30,8,0,5939,9
190201,50,8,0,5939,9
190202,11,8,0,5939,9
190301,29,8,16,5939,9
190401,20,41,0,5593,47
190402,7,41,0,5593,47
190510,12,49,0,11532,56
190520,4,41,0,5593,47
190700,135,8,76,5939,9
190801,56,13,0,9276,27
190802,72,13,0,9276,27
190901,145,13,192,9276,27
190902,39,13,61,9276,27
191000,212,8,215,5939,9
191110,28,46,0,7838,81
191120,24,5,0,2245,34
191201,104,41,50,5593,47
191203,5,5,0,2245,34
191204,29,5,0,2245,34
191301,28,5,0,2245,34
191302,54,46,0,7838,81
191410,21,5,0,2245,34
191420,36,5,0,2245,34
191500,25,5,0,2245,34
191610,44,5,0,2245,34
191620,38,5,0,2245,34
191710,14,5,0,3337,18
191720,5,5,0,3337,18
191810,23,5,32,3337,18
191820,28,5,0,3337,18
191901,127,5,0,3337,18
191902,16,17,0,15212,97
192001,5,27,0,16487,109
192002,12,22,0,13150,91
192300,0,7,0,8599,69
192410,0,7,0,8599,69
192420,7,2,0,5262,51
192510,32,2,18,5262,51
192520,7,2,0,5262,51
192610,35,7,0,7507,85
192620,61,2,0,5262,51
192700,291,2,356,5262,51
194101,1,16,0,11784,129
194102,3,12,0,6537,63
194200,2,12,0,10030,91
194300,0,12,0,10030,91
194401,25,13,0,12382,85
194402,13,13,0,15875,113
194500,25,1,0,5845,22
195100,5,71,0,18049,161
195201,2,41,0,5593,47
195202,4,41,0,5593,47
195300,11,41,0,5593,47
195400,8,35,0,14701,148
195500,52,30,0,12456,114
195600,58,19,47,7589,63
195710,132,19,178,7589,63
195720,26,19,0,7589,63
195802,90,19,0,7589,63
195803,14,19,0,7589,63
195804,21,19,0,7589,63
195901,0,24,0,9834,97
195902,10,19,0,7589,63
195903,18,21,0,12851,114
197200,5,26,0,2611,46
197300,4,19,0,7589,63
197410,6,30,23,12456,114
197420,80,19,65,7589,63
197500,73,19,262,7589,63
197600,15,37,0,12259,75
197700,1,37,209,12259,75
199000,47,46,66,7736,116
199110,29,45,0,6058,129
199120,2,45,80,6058,129
199201,2,26,0,2611,46
199202,0,45,0,6058,129
199300,7,47,0,8290,138
199400,12,46,0,7736,116
199700,22,26,0,2611,46
199800,10,26,0,2611,46
199900,17,57,0,5829,80
201110,0,19,0,3447,83
201120,4,19,0,3447,83
201200,6,19,0,3447,83
201301,9,19,0,3447,83
201302,4,40,0,9126,175
201401,0,19,0,3447,83
201402,0,21,0,4103,106
201501,0,19,0,3447,83
201503,2,19,0,3447,83
201504,0,19,0,3447,83
201601,3,19,0,3447,83
201602,5,19,0,3447,83
201700,10,19,0,3447,83
203100,11,31,0,3218,34
203200,0,33,0,3874,57
203300,12,31,0,4682,34
203500,18,31,145,3218,34
203600,28,31,0,3218,34
203710,0,31,0,3218,34
203720,0,31,0,3218,34
203800,4,33,0,3874,57
203900,3,2,25,656,23
204110,9,33,0,3874,57
204120,3,2,0,656,23
204200,6,31,0,3218,34
204300,0,44,0,5739,93
204410,14,31,0,3218,34
204420,130,31,318,3218,34
204600,42,42,0,5083,70
204700,23,11,0,1865,36
204810,21,11,0,1865,36
204820,15,11,0,1865,36
204910,10,11,0,1865,36
204920,27,11,0,1865,36
205110,3,11,0,1865,36
205120,100,11,0,1865,36
206010,43,18,0,4670,12
206020,12,18,48,4670,12
206031,59,20,0,10416,17
206032,143,31,0,3218,34
206050,144,42,0,5083,70
206200,685,18,930,7851,14
206300,2661,2,4305,7243,3
207101,11,18,0,4670,12
207102,205,18,0,4670,12
207103,5,18,0,4670,12
207301,252,18,196,9704,15
207302,93,18,0,9704,15
207400,58,18,0,4670,12
207501,5,18,0,4670,12
207502,26,18,0,10534,14
207710,123,5,110,17485,21
207900,27,4,0,3995,9
208000,10,38,0,18032,84
208301,13,19,0,7589,63
208302,112,19,0,7589,63
208401,11,33,0,14824,79
208402,42,19,0,7589,63
208501,31,19,0,7589,63
208502,16,13,0,1462,7
208610,85,34,96,14313,121
208620,27,32,102,9051,70
208710,10,13,116,1462,7
208720,92,13,2533,1462,7
208801,36,13,0,1462,7
208802,10,13,0,1462,7
208902,12,14,0,7235,16
208903,169,13,418,1462,7
208904,7,14,92,7235,16
209102,187,1,147,5773,9
209103,11,1,0,5773,9
209104,100,1,0,5773,9
209200,145,1,33,5773,9
209300,68,5,111,9768,18
209401,61,13,58,1462,7
209402,18,13,25,1462,7
209403,36,14,20,7235,16
209510,25,7,0,2824,54
209520,21,11,0,6819,63
209810,9,7,0,2824,54
209820,25,11,0,6819,63
210010,40,4,0,3995,9
211000,7,19,0,17473,121
211120,23,7,0,5598,42
211121,5,2,0,5262,51
211122,35,6,0,7245,69
211201,8,2,0,5262,51
211202,6,2,0,5262,51
211310,4,2,0,5262,51
211320,10,2,0,5262,51
211410,0,2,0,5262,51
211420,9,6,0,7245,69
211500,4,2,22,5262,51
211701,4,7,0,5598,42
211703,5,4,0,1983,18
211704,5,7,0,5598,42
211802,24,7,0,5598,42
211803,2,4,0,1983,18
211804,4,4,0,1983,18
211910,24,4,23,1983,18
211921,5,4,0,1983,18
211922,0,4,0,1983,18
212101,29,7,0,5598,42
212102,13,7,0,5598,42
212202,18,7,0,5119,76
212203,11,0,0,2295,22
212204,20,0,0,2295,22
212303,11,3,1397,3615,24
212304,3,3,0,3615,24
212305,9,7,22,5119,76
212306,4,7,0,5119,76
212410,5,3,234,3615,24
212420,10,7,54,5119,76
212501,2,7,0,5119,76
212502,19,10,0,6439,78
212610,10,3,0,3615,24
212620,2,6,0,9163,157
212701,1,6,0,9163,157
212702,2,9,0,10483,159
212800,14,6,0,6868,135
212900,8,6,0,6868,135
213100,12,13,0,9692,189
213201,13,7,0,2824,54
213202,10,7,0,2824,54
213310,5,7,0,2824,54
213320,29,7,72,2824,54
213401,1,7,0,2824,54
213402,13,7,2,2824,54
214000,3,10,0,6613,28
214100,2,12,0,11875,79
214400,0,10,0,6613,28
214501,18,10,0,6613,28
214502,0,10,0,6613,28
214503,7,10,0,6613,28
214600,15,1,0,5845,22
214700,13,11,0,12458,50
214800,11,1,0,5845,22
214901,2,1,0,8978,47
214902,8,1,0,5845,22
215101,5,10,0,6613,28
215102,4,10,0,6613,28
216100,0,16,0,15776,185
216200,6,16,0,13481,163
216300,9,17,0,19326,185
216401,7,8,0,4657,37
216402,0,8,0,4657,37
216700,15,14,0,11525,172
216800,3,15,0,17370,194
216900,34,6,0,6868,135
217001,10,8,0,4657,37
217002,62,8,0,4657,37
217100,13,6,0,6868,135
217200,28,6,0,6868,135
218110,12,6,82,6868,135
218120,37,21,104,10494,238
218210,6,6,0,6868,135
218220,4,28,0,11566,253
218300,12,28,0,11566,253
218400,4,22,0,4698,118
218500,11,22,48,4698,118
218600,12,22,0,4698,118
218701,4,37,0,8324,221
218702,10,37,0,8324,221
218800,3,15,0,3626,103
218900,2,15,0,3626,103
219010,17,15,0,3626,103
219020,9,15,0,3626,103
219300,15,15,0,3626,103
219500,19,22,0,4698,118
219700,17,22,63,4698,118
219800,6,22,0,4698,118
219901,4,22,0,4698,118
219902,8,22,0,4698,118
220000,23,22,0,4698,118
220100,15,22,0,4698,118
221110,5,7,0,2824,54
221120,6,7,0,2824,54
221210,1,7,20,2824,54
221220,11,7,0,2824,54
221302,41,13,0,9692,189
221303,38,13,0,9692,189
221304,42,6,0,6868,135
221401,5,15,0,3626,103
221402,64,15,0,3626,103
221500,18,15,0,3626,103
221601,21,7,0,3441,32
221602,6,7,0,3441,32
221710,18,7,0,3441,32
221810,30,7,0,3441,32
221820,11,7,0,3441,32
221900,4,7,0,3441,32
222001,15,15,0,3626,103
222002,7,15,0,3626,103
222100,2,22,0,7067,135
222200,8,22,0,7067,135
222500,14,15,0,3626,103
222600,3,7,0,3441,32
222700,11,7,0,4905,32
224010,49,4,127,3995,9
224020,43,49,0,12056,210
224200,50,4,0,3995,9
224310,6,7,0,2824,54
224320,8,18,0,10260,95
224410,40,11,0,7436,41
224420,8,7,0,3441,32
224600,181,45,112,8061,201
224700,9,7,0,3441,32
226001,66,44,0,11180,181
226002,476,6,0,8057,10
226410,20,38,0,4620,169
226420,37,38,18,4620,169
226700,169,38,30,4620,169
227010,33,38,0,4976,172
227020,7,38,0,4620,169
228100,34,38,0,4976,172
228210,12,38,0,4620,169
228220,6,38,0,4620,169
228310,7,38,0,4620,169
228320,90,38,0,4620,169
228410,35,38,12,4620,169
228420,128,52,0,7940,293
228500,17,52,0,7940,293
228600,6,38,0,4620,169
228710,20,38,0,4620,169
228720,17,38,0,4620,169
228800,34,38,0,4976,172
228900,42,38,0,4976,172
229100,13,38,0,4620,169
229200,47,38,0,4620,169
229300,66,52,0,7940,293
229410,26,38,50,4620,169
229420,13,38,0,4620,169
231100,319,59,440,11381,325
231210,2,14,0,3320,124
231220,93,21,0,6761,156
231300,35,19,0,5423,244
231400,17,20,69,5729,223
231500,18,5,0,2103,120
231600,44,19,22,5423,244
231710,23,14,0,3320,124
231720,136,14,0,3320,124
231800,333,14,0,3320,124
231900,61,14,178,3320,124
232110,19,14,0,3320,124
232120,50,14,0,3320,124
232200,10,19,0,5423,244
232300,46,19,44,5423,244
232400,142,5,110,2103,120
232500,69,17,30,5319,340
232600,17,19,10,5423,244
232700,499,14,257,3320,124
232800,49,14,405,3320,124
234000,41,30,6,8963,344
234200,34,47,0,11558,342
234300,28,10,0,3234,121
234501,21,15,0,5414,294
234502,10,15,0,5414,294
234600,24,10,0,3311,174
234700,1,22,0,6527,394
234800,5,22,0,6527,394
234901,4,10,0,3311,174
234902,7,10,0,3311,174
235100,2,10,0,3311,174
235201,9,22,16,6527,394
235202,5,10,0,3311,174
236000,15,32,0,7932,239
236100,15,32,0,7932,239
236202,37,32,0,7932,239
236203,64,32,0,7932,239
236204,61,10,0,3234,121
236400,0,10,0,3234,121
237101,11,16,0,4181,251
237102,8,30,0,8031,460
237201,18,28,0,7397,471
237202,78,12,0,3216,220
237300,90,12,0,3216,220
237401,12,16,0,4181,251
237402,6,28,0,7397,471
237500,17,16,0,4181,251
237600,0,30,66,8031,460
237710,43,30,0,8031,460
237720,6,30,0,8031,460
237800,14,28,0,7397,471
237900,4,12,0,3216,220
238000,22,12,0,3216,220
238100,19,12,150,3216,220
238200,20,28,0,7397,471
238310,7,30,0,8031,460
238320,195,30,0,8031,460
238400,12,12,0,3216,220
239201,65,14,0,3850,209
239202,40,52,0,9534,411
239310,30,14,0,3850,209
239320,3,14,0,3850,209
239330,29,14,0,4914,242
239501,35,14,0,4914,242
239502,11,14,0,4914,242
239601,78,14,0,3850,209
239602,31,14,0,3850,209
239701,28,14,0,3850,209
239702,20,14,0,3850,209
239801,19,14,0,4914,242
239802,57,14,0,4914,242
240010,48,21,0,6884,360
240020,22,21,0,5820,327
240200,104,14,39,3850,209
240300,43,30,0,8031,460
240401,34,30,0,8031,460
240402,13,30,0,8031,460
240500,33,14,0,3850,209
240600,16,14,0,3850,209
240700,23,21,0,5820,327
240800,29,37,50,7069,407
240900,0,17,0,2102,114
241001,17,17,0,2102,114
241002,36,17,0,2102,114
241110,113,15,16,4703,243
241120,18,15,42,4703,243
241201,2,31,0,8884,494
241202,26,17,0,5034,285
241300,18,17,397,5034,285
241400,11,1,0,853,34
242000,106,23,0,3219,198
242100,17,7,0,1970,118
242200,13,7,0,1970,118
242300,16,7,239,1970,118
242600,46,16,0,1249,80
242700,44,23,0,3219,198
243000,27,23,0,3219,198
243100,33,16,0,1249,80
261101,0,12,0,9670,88
261102,0,0,0,3133,25
261200,0,3,0,6600,50
262100,0,3,0,6600,50
262200,0,12,0,13666,81
262301,2,9,0,10199,56
262302,0,9,0,10199,56
262303,0,9,0,10199,56
262400,0,19,0,16865,88
262501,1,10,0,6666,32
262601,2,10,0,6666,32
262604,33,10,0,6666,32
262704,67,10,0,6666,32
262706,44,10,0,6666,32
262802,43,23,0,17601,92
264000,0,9,0,10199,56
264102,4,9,0,10199,56
264103,5,9,0,10199,56
264301,16,22,0,17021,91
264302,17,26,0,17757,95
265100,0,4,0,6249,52
265201,1,4,0,6249,52
265202,37,4,0,6249,52
265301,5,4,0,6249,52
265303,0,4,0,6249,52
265304,0,4,0,6249,52
265305,7,4,0,6249,52
265410,0,9,0,10199,56
265420,4,13,0,16448,108
265510,13,4,0,6249,52
265520,197,17,153,13071,87
265601,0,17,0,13071,87
265602,0,4,0,6249,52
265700,3,17,0,13071,87
267100,12,24,16,12450,73
267200,68,13,0,6822,35
267300,21,13,504,6822,35
267402,10,13,0,6822,35
267403,124,13,0,6822,35
267404,0,13,0,6822,35
267501,2,13,0,6822,35
267502,24,13,0,6822,35
267600,30,24,0,12450,73
267700,17,24,32,12450,73
267800,112,11,0,5628,38
267901,1,24,0,16425,80
267902,0,11,0,5628,38
269000,10,20,0,15495,106
269100,4,8,0,4657,37
269300,10,11,0,5628,38
269500,0,9,0,9840,68
269601,5,9,0,9840,68
269602,0,9,0,9840,68
269700,2,1,0,5183,31
269800,15,1,0,5183,31
269903,19,2,0,5423,32
269904,12,1,0,5183,31
269905,22,2,0,5423,32
269906,3,1,0,5183,31
269907,25,1,0,5183,31
270100,6,2,0,5423,32
270200,8,1,0,5183,31
270300,31,37,0,21406,321
271100,13,11,0,5628,38
271200,34,11,0,5628,38
271300,7,18,0,12127,74
271400,7,7,0,6499,36
271500,17,18,0,12127,74
271600,9,18,0,12127,74
271701,5,12,0,10811,69
271702,8,12,0,10811,69
271801,14,1,0,5183,31
271802,5,1,0,5183,31
271901,21,7,0,6499,36
271902,36,7,0,6499,36
272100,12,7,0,6499,36
272201,14,7,0,6499,36
272202,16,7,0,6499,36
272301,2,7,0,6499,36
272302,1,7,0,6499,36
273100,68,20,35,6117,43
273200,95,20,32,6117,43
273300,128,20,337,6117,43
273402,178,20,0,6117,43
273502,116,20,0,6117,43
273600,32,20,0,6117,43
273700,20,20,0,6117,43
273800,27,27,0,12616,79
273902,50,24,0,9203,70
274100,123,24,0,9203,70
274202,52,4,0,3086,27
275101,17,3,0,1054,15
275102,8,10,0,7553,51
275200,38,7,22,6499,36
275302,15,11,0,9585,63
275311,23,7,0,6499,36
275400,19,11,0,9585,63
275500,29,10,0,7553,51
275602,0,7,0,10734,51
275603,30,10,0,7553,51
276000,2,7,0,12388,54
276100,21,7,0,12505,59
276400,7,7,0,12388,54
276500,19,7,0,12388,54
276601,5,10,0,13987,78
276603,9,3,0,1599,24
276604,4,10,0,13987,78
277000,29,7,0,12388,54
277100,8,7,0,12388,54
277200,11,7,0,12388,54
277400,349,7,0,12388,54
278001,36,7,0,12388,54
278102,8,3,0,1599,24
291110,0,20,40,5703,303
291120,0,4,0,2375,62
291130,2,4,0,2375,62
291210,0,3,0,1522,28
291220,5,3,0,1522,28
291300,55,0,0,853,10
292000,57,4,0,2502,35
293201,0,4,0,1203,25
293202,13,4,18,1203,25
293301,4,6,0,1836,40
293302,47,6,0,1897,43
293304,12,6,0,1897,43
293306,6,6,0,1897,43
293307,12,6,0,1897,43
294110,86,21,0,2827,82
294120,8,21,0,2827,82
294200,35,21,0,2827,82
294301,10,21,0,2827,82
294302,47,21,0,2827,82
294410,17,27,0,4663,122
294421,39,27,0,4663,122
294510,2,21,0,2827,82
294520,0,21,0,2827,82
294610,16,21,0,2827,82
294620,0,21,0,2827,82
294701,54,21,0,2827,82
294810,38,21,0,2827,82
294820,23,21,0,2827,82
294830,49,21,0,2827,82
294900,1,21,0,2827,82
295103,6,37,0,7047,134
296210,29,26,0,4877,85
296220,76,26,0,4877,85
296300,20,37,0,7052,134
296401,0,11,0,2170,49
296402,6,37,0,7047,134
296500,36,26,0,4877,85
296600,23,26,179,4877,85
296901,0,26,0,4877,85
296902,56,26,0,4877,85
297000,9,37,0,7047,134
297110,61,26,149,4877,85
297120,45,26,0,4877,85
297201,27,26,0,4877,85
297202,4,26,0,4877,85
297300,7,37,0,7047,134
297400,7,11,0,2170,49
297500,4,37,0,7047,134
297601,5,26,0,4877,85
297602,0,26,0,4877,85
300100,0,0,0,63,0
300200,0,0,0,63,0
300501,0,0,0,63,0
300502,3,0,0,0,0
310100,0,1,0,327,6
310201,0,0,0,0,0
310202,0,0,0,0,0
310300,0,1,0,327,6
310400,4,1,0,327,6
310501,3,1,0,327,6
310601,47,1,0,327,6
310602,0,1,0,327,6
310701,5,0,0,0,0
310702,32,0,0,0,0
310703,9,0,0,0,0
310800,8,2,0,100,1
310900,16,2,0,100,1
311000,3,0,0,99,1
311100,4,0,0,99,1
311200,3,0,0,99,1
311300,0,0,0,99,1
311400,4,0,0,99,1
311500,0,0,0,99,1
311600,5,0,0,99,1
311700,10,2,0,100,1
311801,1,2,0,1,0
311802,1,2,0,1,0
320000,3,0,0,318,0
320100,9,3,0,750,19
320201,5,3,0,750,19
320202,3,3,0,750,19
320300,7,24,48,7252,254
400204,2,0,0,0,0
400205,0,0,0,0,0
400206,0,0,0,0,0
400207,0,0,0,0,0
400302,0,0,0,0,0
400304,27,0,19,0,0
400402,229,0,229,0,0
400403,0,0,0,0,0
400404,0,0,0,0,0
400501,0,0,0,0,0
400602,9,0,0,0,0
400603,8,0,0,0,0
400604,4,0,0,0,0
400800,0,0,0,0,0
400900,4,0,0,0,0
401001,0,0,0,0,0
401002,7,0,0,0,0
401101,0,0,0,0,0
401102,29,0,0,0,0
401201,0,0,0,0,0
401202,0,0,0,0,0
401203,0,0,0,0,0
401303,0,0,0,0,0
401304,0,0,0,0,0
401311,5,0,0,0,0
401312,0,0,0,0,0
401500,0,0,58,0,0
401601,1,0,0,0,0
401602,2,0,0,0,0
401603,1,0,0,0,0
401701,4,0,0,0,0
401703,9,0,0,0,0
401704,6,0,0,0,0
401800,10,0,0,0,0
401901,1,0,0,0,0
401902,12,0,47,0,0
402001,0,0,0,0,0
402002,0,0,0,0,0
402101,130,0,257,0,0
402102,19,0,38,0,0
402200,16,0,15,0,0
402301,12,0,0,0,0
402303,5,0,0,0,0
402304,3,0,0,0,0
402402,65,0,0,0,0
402403,0,0,0,0,0
402404,0,0,0,0,0
402405,0,0,0,0,0
402406,4,0,0,0,0
402501,41,0,0,0,0
402502,11,0,0,0,0
402600,7,0,0,0,0
402702,10,0,16,0,0
402703,1,0,0,0,0
402705,0,0,0,0,0
402706,1,0,0,0,0
402801,32,0,0,0,0
402803,15,0,0,0,0
402804,3,0,0,0,0
402902,11,0,0,0,0
402903,0,0,0,0,0
402904,0,0,0,0,0
403000,9,0,0,0,0
403200,0,0,0,0,0
403303,0,0,0,0,0
403304,0,0,0,0,0
403305,0,0,0,0,0
403312,0,0,0,0,0
403316,0,0,0,0,0
403317,0,0,0,0,0
403318,0,0,0,0,0
403319,6,0,0,0,0
403320,0,0,0,0,0
403321,0,0,0,0,0
403322,0,0,0,0,0
403323,0,0,0,0,0
403324,0,0,0,0,0
403325,0,0,0,0,0
403401,2,0,0,0,0
403402,1,0,0,0,0
403403,0,0,0,0,0
403404,0,0,0,0,0
403405,0,0,0,0,0
403406,0,0,0,0,0
403407,0,0,0,0,0
403408,0,0,0,0,0
403500,0,0,0,0,0
403600,4,0,0,0,0
403702,0,0,0,0,0
403703,2,0,0,0,0
403721,26,0,236,0,0
403722,0,0,0,0,0
403801,4,0,0,0,0
403802,9,0,0,0,0
403901,0,0,0,0,0
403902,1,0,0,0,0
404000,13,0,0,0,0
404100,5,0,0,0,0
404201,6,0,0,0,0
404202,0,0,0,0,0
404301,5,0,0,0,0
404302,0,0,0,0,0
404401,7,0,0,0,0
404402,10,0,0,0,0
404501,5,0,0,0,0
404503,1,0,0,0,0
404504,0,0,0,0,0
404600,1,0,0,0,0
404701,14,0,0,0,0
404702,0,0,0,0,0
404703,15,0,0,0,0
404801,10,0,0,0,0
404802,2,0,0,0,0
404803,5,0,0,0,0
404901,2,0,0,0,0
404902,2,0,0,0,0
404903,11,0,0,0,0
405001,20,0,0,0,0
405002,2,0,0,0,0
405101,4,0,0,0,0
405102,11,0,0,0,0
405201,5,0,0,0,0
405202,0,0,0,0,0
405203,8,0,0,0,0
405301,0,0,0,0,0
405302,0,0,0,0,0
405400,0,0,0,0,0
405500,0,0,0,0,0
405600,0,0,0,0,0
405701,0,0,0,0,0
405702,7,0,0,0,0
405800,4,0,0,0,0
405900,4,0,0,0,0
406000,0,0,0,0,0
406101,2,0,0,0,0
406102,6,0,0,0,0
406200,5,0,0,0,0
406300,0,0,0,0,0
406402,0,0,0,0,0
406411,0,0,0,0,0
406412,0,0,0,0,0
406500,7,0,5,0,0
406601,2,0,0,0,0
406602,0,0,0,0,0
406701,0,0,0,0,0
406702,10,0,0,0,0
406800,4,0,0,0,0
406901,14,0,0,0,0
406902,0,0,0,0,0
407001,0,0,0,0,0
407002,11,0,0,0,0
407101,6,0,0,0,0
407102,2,0,0,0,0
407200,2,0,0,0,0
407301,15,0,0,0,0
407302,7,0,0,0,0
407400,0,0,0,0,0
407501,3,0,0,0,0
407502,0,0,0,0,0
407601,17,0,0,0,0
407602,4,0,0,0,0
407701,11,0,0,0,0
407702,7,0,0,0,0
407801,9,0,0,0,0
407802,4,0,0,0,0
407900,1,0,0,0,0
408003,0,0,0,0,0
408004,0,0,0,0,0
408005,0,0,0,0,0
408006,6,0,0,0,0
408133,0,0,0,0,0
408134,0,0,0,0,0
408135,6,0,0,0,0
408136,0,0,0,0,0
408137,8,0,0,0,0
408138,0,0,0,0,0
408139,0,0,0,0,0
408140,0,0,0,0,0
408141,0,0,0,0,0
408202,24,0,0,0,0
408211,24,0,0,0,0
408212,12,0,0,0,0
408301,61,0,0,0,0
408302,40,0,0,0,0
408303,6,0,0,0,0
408401,46,0,0,0,0
408402,51,0,638,0,0
408501,32,0,0,0,0
408503,23,0,0,0,0
408504,36,0,0,0,0
408505,19,0,0,0,0
408623,6,0,0,0,0
408624,0,0,0,0,0
408625,3,0,0,0,0
408626,0,0,0,0,0
408627,6,0,0,0,0
408628,0,0,0,0,0
408629,0,0,0,0,0
408630,4,0,0,0,0
408631,0,0,0,0,0
408703,0,0,0,0,0
408704,0,0,0,0,0
408705,16,0,15,0,0
408706,8,0,0,0,0
408722,0,0,0,0,0
408723,2,0,0,0,0
408724,22,0,0,0,0
408800,279,0,253,0,0
430002,5,0,0,0,0
430003,4,0,0,0,0
430101,51,0,45,0,0
430102,0,0,0,0,0
430200,0,0,0,0,0
430301,2,0,0,0,0
430302,2,0,0,0,0
430400,0,0,0,0,0
430501,5,0,0,0,0
430502,0,0,0,0,0
430600,0,0,0,0,0
430701,2,0,0,0,0
430721,0,0,0,0,0
430723,2,0,0,0,0
430724,0,0,0,0,0
430801,4,0,97,0,0
430802,0,0,0,0,0
430803,4,0,0,0,0
430901,10,0,0,0,0
430902,2,0,0,0,0
431001,14,0,0,0,0
431002,22,0,0,0,0
431100,4,0,0,0,0
431200,5,0,0,0,0
431300,14,0,0,0,0
431400,4,0,0,0,0
431501,1,0,0,0,0
431502,0,0,0,0,0
431600,0,0,0,0,0
431700,0,0,0,0,0
431800,0,0,0,0,0
431900,11,0,0,0,0
432000,2,0,0,0,0
432101,0,0,0,0,0
432102,3,0,0,0,0
432201,0,0,0,0,0
432202,0,0,0,0,0
432300,2,0,0,0,0
432401,1,0,0,0,0
432402,1,0,44,0,0
432500,0,0,0,0,0
432601,0,0,0,0,0
432602,0,0,0,0,0
432700,23,0,27,0,0
432801,8,0,0,0,0
432802,10,0,0,0,0
432901,2,0,0,0,0
432902,0,0,0,0,0
433101,91,0,0,0,0
433102,0,0,0,0,0
433200,0,0,22,0,0
433302,6,0,0,0,0
433304,2,0,0,0,0
433305,4,0,0,0,0
433306,0,0,0,0,0
433307,0,0,0,0,0
433401,0,0,0,0,0
433402,2,0,0,0,0
433403,62,0,0,0,0
433501,13,0,0,0,0
433503,0,0,0,0,0
433504,2,0,0,0,0
433601,0,0,0,0,0
433602,2,0,0,0,0
433700,12,0,0,0,0
433801,6,0,0,0,0
433802,65,0,60,0,0
433901,51,0,29,0,0
433902,1,0,0,0,0
434001,2,0,0,0,0
434003,0,0,0,0,0
434004,3,0,0,0,0
460200,12,0,0,0,0
460301,23,0,0,0,0
460302,0,0,0,0,0
460501,2,0,0,0,0
460502,0,0,0,0,0
460600,0,0,0,0,0
460700,0,0,0,0,0
461000,4,0,0,0,0
461100,10,0,0,0,0
461200,0,0,0,0,0
461300,9,0,0,0,0
463101,12,0,0,0,0
463300,0,0,0,0,0
464100,1,0,0,0,0
464200,0,0,0,0,0
480002,0,0,0,0,0
480011,2,0,0,0,0
480012,0,0,0,0,0
480101,1,0,0,0,0
480102,12,0,14,0,0
480201,0,0,0,0,0
480202,0,0,0,0,0
480302,2,0,0,0,0
480303,0,0,0,0,0
480304,3,0,0,0,0
480400,4,0,0,0,0
480500,0,0,0,0,0
480600,5,0,0,0,0
480702,0,0,0,0,0
480703,0,0,0,0,0
480704,4,0,0,0,0
480802,5,0,0,0,1
480803,0,0,0,0,1
480804,2,0,0,0,0
480901,0,0,0,0,1
480902,0,0,0,0,1
480903,4,0,0,0,1
481001,5,0,109,0,1
481002,17,0,16,0,0
481101,0,0,0,0,0
481102,0,0,0,0,0
481103,1,0,0,0,0
481201,2,0,0,0,0
481202,0,0,0,0,0
481300,1,0,0,0,0
481401,0,0,0,0,0
481402,3,0,0,0,0
481500,13,0,0,0,0
481603,0,0,0,0,0
481604,0,0,0,0,1
481605,2,0,0,0,1
481606,3,0,0,0,1
481711,0,0,0,0,0
481712,0,0,0,0,0
481713,0,0,0,0,0
481714,3,0,0,0,0
481800,0,0,0,0,1
481901,2,0,0,0,1
481902,2,0,0,0,1
482001,0,0,0,0,1
482002,0,0,0,0,0
482101,1,0,0,0,0
482102,0,0,0,0,0
482201,1,0,0,0,0
482202,0,0,0,0,0
482301,5,0,0,0,0
482303,6,0,0,0,0
482304,1,0,0,0,0
482401,1,0,0,0,0
482402,8,0,0,0,0
482502,0,0,0,0,0
482503,3,0,0,0,0
482521,6,0,0,0,0
482522,0,0,0,0,0
482600,0,0,0,0,0
482701,2,0,0,0,0
482702,0,0,0,0,0
482800,0,0,0,0,0
500100,0,0,0,0,0
500201,10,0,0,0,0
500202,0,0,0,0,0
500300,8,0,0,0,0
500402,5,0,0,0,0
500403,7,0,0,0,0
500404,4,0,0,0,0
500500,3,0,0,0,0
500600,14,0,0,0,0
500700,8,0,0,0,0
500800,5,0,0,0,0
500900,9,0,0,0,0
501001,11,0,0,0,0
501002,1,0,0,0,0
501200,5,0,0,0,0
501300,7,0,0,0,0
501400,15,0,0,0,0
501501,3,0,32,0,0
501503,3,0,0,0,0
501504,50,0,0,0,0
501600,0,0,0,0,0
501700,0,0,0,0,0
501802,0,0,0,0,0
501803,7,0,0,0,0
501804,2,0,0,0,0
501900,3,0,0,0,0
502003,3,0,0,0,0
502004,39,0,0,0,0
502005,12,0,0,0,0
502100,44,0,45,0,0
502200,9,0,0,0,0
502301,0,0,0,0,0
502302,15,0,0,0,0
502401,12,0,0,0,0
502402,7,0,0,0,0
502500,16,0,0,0,0
502601,6,0,0,0,0
502602,9,0,0,0,0
502700,76,0,0,0,0
502801,0,0,0,0,0
502802,1,0,0,0,0
502901,0,0,0,0,0
502902,19,0,0,0,0
503000,48,0,0,0,0
503103,21,0,0,0,0
503104,19,0,0,0,0
503105,41,0,0,0,0
503106,3,0,0,0,0
503201,0,0,0,0,0
503202,0,0,0,0,0
503301,79,0,307,0,0
503302,78,0,0,0,0
503401,1,0,0,0,0
503402,0,0,0,0,0
503501,0,0,0,0,0
503502,8,0,0,0,0
503601,2,0,0,0,0
503602,6,0,0,0,0
503701,5,0,0,0,0
503702,18,0,0,0,0
503703,3,0,0,0,0
503801,2,0,0,0,0
503802,0,0,0,0,0
503901,0,0,0,0,0
503902,14,0,0,0,0
504001,2,0,0,0,0
504002,1,0,0,0,0
504101,3,0,0,0,0
504102,15,0,0,0,0
530003,0,0,0,0,0
530004,2,0,0,0,0
530005,0,0,0,0,0
530006,6,0,0,0,0
530101,0,0,0,0,0
530102,0,0,0,0,0
530202,7,0,0,0,0
530203,2,0,0,0,0
530204,8,0,0,0,0
530301,0,0,0,0,0
530302,0,0,0,0,0
530400,9,0,0,0,0
530500,5,0,0,0,0
530601,0,2,0,656,23
530602,4,2,0,656,23
530700,14,21,0,4103,106
530801,22,2,0,656,23
530802,13,2,0,656,23
530901,2,2,0,656,23
530902,2,2,9,656,23
531000,7,2,0,656,23
531101,0,2,0,656,23
531102,14,2,0,656,23
531201,15,13,0,2521,59
531202,7,11,25,1865,36
531301,21,11,56,1865,36
531302,0,11,0,1865,36
531502,1,0,0,0,0
531503,7,13,0,2521,59
531504,0,0,0,0,0
531602,4,0,0,0,0
531603,4,0,0,0,0
531604,27,0,0,0,0
531701,63,0,0,0,0
531702,20,0,0,0,0
531800,27,0,0,0,0
531901,0,0,0,0,0
531902,0,0,0,0,0
532001,3,0,0,0,0
532002,2,0,0,0,0
532101,3,0,0,0,0
532102,15,0,0,0,0
532200,4,0,0,0,0
532302,10,11,0,1865,36
532303,46,0,0,0,0
532304,415,0,342,356,3
532400,55,0,0,356,3
532500,5,0,0,356,3
532603,14,0,0,0,0
532604,4,0,30,0,0
532605,22,0,0,0,0
532606,0,0,0,0,0
532700,60,0,0,1420,36
532800,59,0,0,1064,33
532900,89,0,0,1064,33
533001,86,0,0,1064,33
533002,15,0,0,1064,33
533103,3,0,0,0,0
533104,1,0,0,0,0
533105,2,0,0,0,0
533106,0,0,0,0,0
533107,7,0,0,0,0
533201,0,0,0,0,0
533202,3,0,0,0,0
533203,11,0,0,0,0
533300,32,0,0,0,0
533401,15,0,0,0,0
533402,6,0,0,0,0
533403,9,0,0,0,0
533501,3,0,0,0,0
533502,4,0,0,0,0
533503,2,0,0,0,0
533601,0,0,0,0,0
533602,0,0,0,0,0
533603,14,0,0,0,0
533701,48,0,0,0,0
533702,2,0,0,0,0
533703,13,0,0,0,0
533803,2,0,0,0,0
533804,0,0,0,0,0
533805,3,0,0,0,0
533806,43,0,0,0,0
533901,6,0,0,0,0
533902,25,0,0,0,0
534001,17,0,0,0,0
534002,12,0,0,0,0
534101,26,0,0,0,0
534102,7,0,0,0,0
534201,4,0,0,0,0
534202,4,0,80,0,0
534203,3,0,0,0,0
534301,90,0,0,0,0
534302,6,0,0,0,0
534403,6,0,0,0,0
534404,0,0,0,0,0
534405,9,0,0,0,0
534406,8,0,0,0,0
534501,2,0,0,0,0
534502,0,0,0,0,0
534700,1,0,0,0,0
534802,3,0,0,0,0
534803,6,0,0,0,0
534804,11,0,0,0,0
534900,29,0,0,1064,33
535001,6,0,0,1064,33
535002,14,0,0,1064,33
535101,17,0,0,1064,33
535102,23,7,0,3034,151
535200,32,7,0,1970,118
535300,67,7,32,3034,151
535400,46,7,0,1970,118
535501,17,0,0,0,0
535502,14,0,0,0,0
535503,10,0,0,0,0
535603,4,0,0,0,0
535604,0,0,0,0,0
535605,2,0,0,0,0
535606,0,0,0,0,0
535607,2,0,0,0,0
535701,18,0,0,0,0
535702,5,0,1,0,0
535802,3,0,0,0,0
535803,1,0,0,0,0
535804,5,0,0,0,0
535901,9,0,0,0,0
535902,0,0,0,0,0
536000,2,0,0,0,0
536102,2,0,0,0,0
536103,8,0,0,0,0
536104,4,0,0,0,0
536200,4,0,0,0,0
540000,0,0,0,0,0
540101,7,0,0,0,0
540102,4,0,0,0,0
540201,15,0,0,0,0
540202,0,0,0,0,0
540203,10,0,0,0,0
540300,35,23,0,3219,198
540400,7,16,0,1249,80
540501,12,0,37,0,0
540502,0,0,0,0,0
540600,17,16,0,1249,80
540700,49,16,0,1249,80
540800,14,17,111,2102,114
540901,33,1,0,853,34
540902,195,1,0,853,34
541001,74,0,0,853,10
541002,0,0,0,853,10
541100,45,0,0,853,10
541200,15,17,0,2102,114
541300,11,0,0,0,0
541400,15,0,78,0,0
541500,6,0,0,0,0
541603,27,0,44,0,0
541604,27,0,0,0,0
541605,30,0,0,0,0
541606,22,0,0,0,0
541700,10,0,0,0,0
541801,7,0,0,0,0
541802,11,0,0,0,0
542000,22,0,94,0,0
542103,16,0,0,0,0
542104,8,0,0,0,0
542105,90,0,0,0,0
542106,5,0,0,0,0
542200,10,0,0,0,0
542401,6,0,0,0,0
542402,11,0,0,0,0
542501,18,0,0,0,0
542502,65,0,31,0,0
542601,31,0,0,0,0
542602,6,0,0,0,0
542700,20,0,0,0,0
542800,12,0,0,0,0
542900,2,0,0,0,0
543000,2,0,0,853,10
543100,11,0,0,0,0
543201,10,0,0,0,0
543202,23,0,0,0,0
543304,0,0,0,0,0
543305,223,0,0,0,0
543306,10,0,0,2,0
543321,1,0,0,0,0
543322,0,0,0,0,0
543400,33,0,0,853,10
543501,68,0,0,853,10
543502,10,0,0,446,0
543503,20,0,0,446,0
543601,1,0,0,0,0
543602,22,4,0,1649,25
543603,86,6,6,1836,40
543604,8,21,0,2827,82
543701,0,0,0,0,0
543702,0,0,0,0,0
543703,2,0,0,0,0
543801,9,0,0,0,0
543802,13,0,0,0,0
543903,0,0,0,0,0
543905,0,0,0,0,0
550000,40,0,72,0,0
550100,21,0,0,0,0
550201,0,0,0,0,0
550202,47,0,0,0,0
550300,4,0,0,0,0
550400,89,0,0,0,0
550500,0,0,0,0,0
550601,2,0,0,0,0
550602,1,0,0,0,0
550700,0,0,0,0,0
550800,0,0,0,0,0
550901,0,0,0,0,0
550902,0,0,0,0,0
551000,0,0,0,0,0
551101,1,0,0,0,0
551102,3,0,0,0,0
551201,0,0,0,0,0
551202,2,0,0,0,0
551300,37,0,132,0,0
551401,0,0,0,0,0
551402,3,0,0,0,0
551501,0,0,0,0,0
551502,0,0,0,0,0
551600,0,0,0,0,0
551700,5,0,0,0,0
551800,60,0,0,0,0
551900,4,0,0,0,0
552001,7,0,0,0,0
552002,10,0,0,0,0
552100,24,0,6,0,0
552200,63,0,22,0,0
552301,3,0,0,0,0
552302,5,0,0,0,0
552400,9,0,0,0,0
552601,2,0,0,0,0
552602,0,0,0,0,0
552700,3,0,0,0,0
552800,0,0,0,0,0
552900,4,0,0,0,0
553000,0,0,0,0,0
553100,24,0,0,0,0
553200,12,0,0,0,0
553300,13,0,0,0,0
553400,6,0,0,0,0
553502,0,0,0,0,0
553503,6,0,0,0,0
553504,0,0,0,0,0
553601,15,0,0,0,0
553602,0,0,0,0,0
553701,7,0,0,0,0
553702,6,0,0,0,0
553801,12,0,0,0,0
553802,0,0,0,0,0
553901,1,0,0,0,0
553902,3,0,0,0,0
554001,7,0,0,0,0
554002,36,0,28,0,0
554101,9,0,0,0,0
554103,17,0,0,0,0
554104,6,0,0,0,0
554105,40,0,0,0,0
554201,8,0,0,0,0
554203,5,0,0,0,0
554204,26,0,0,0,0
554301,0,0,0,0,0
554302,0,0,0,0,0
554403,22,0,0,0,0
554404,7,0,0,0,0
554405,0,0,0,0,0
554406,9,0,0,0,0
554511,0,0,0,0,0
554512,1,0,0,0,0
554513,0,0,0,0,0
554514,0,0,0,0,0
554515,4,0,0,0,0
554516,0,0,0,0,0
554517,0,0,0,0,0
554518,0,0,0,0,0
554519,0,0,0,0,0
554521,16,0,0,0,0
554522,6,0,0,0,0
554600,4,0,0,0,0
554700,6,0,0,0,0
554801,1,0,0,0,0
554802,27,0,0,0,0
554900,4,0,46,0,0
555001,0,0,0,0,0
555002,14,0,0,0,0
555102,0,0,0,0,0
555103,4,0,0,0,0
555104,10,0,0,0,0
555211,7,0,0,0,0
555212,5,0,0,0,0
570001,0,0,0,0,0
570002,0,0,0,0,0
570003,0,0,0,0,0
570701,4,0,0,0,0
570702,2,0,0,0,0
570800,2,0,0,0,0
570901,3,0,0,0,0
570902,5,0,0,0,0
571000,2,0,0,0,0
571101,0,0,0,0,0
571102,0,0,0,0,0
571300,0,0,0,0,0
571400,3,0,0,0,0
573401,15,0,0,0,0
573402,18,0,0,0,0
573403,2,0,0,0,0
599000,18,0,0,0,0
599100,19,0,0,0,0
600100,20,16,0,4181,251
600201,14,28,0,7397,471
600202,29,28,6,7397,471
600302,11,12,0,3216,220
600303,56,16,0,4181,251
600304,76,16,0,4181,251
600400,16,12,0,3216,220
600501,8,0,0,0,0
600502,7,0,0,0,0
600601,18,0,0,0,0
600602,9,0,0,0,0
600702,2,0,0,0,0
600703,0,0,0,0,0
600704,13,0,0,0,0
600801,0,0,0,0,0
600802,1,0,0,0,0
600902,1,0,0,1,1
600911,15,0,0,1,1
600912,8,0,0,1,1
601001,31,0,0,0,0
601002,18,0,0,0,0
601100,9,0,0,0,0
601202,2,0,0,0,0
601211,5,0,0,0,0
601212,2,0,0,0,0
601301,0,0,0,1,1
601302,66,7,0,12389,55
601303,0,0,0,1,1
601401,241,0,663,0,0
601402,7,0,0,0,0
601501,18,0,0,0,0
601502,26,0,0,0,0
601600,16,0,0,0,0
601700,32,0,0,0,0
601801,8,0,0,0,0
601802,47,0,0,0,0
601900,7,0,0,0,0
602002,2,0,0,0,0
602003,10,0,0,0,0
602004,14,0,0,0,0
602103,3,0,0,0,0
602104,4,0,0,0,0
602105,4,0,0,0,0
602106,2,0,0,0,0
602200,6,7,0,12388,54
602301,1,0,0,0,0
602302,18,0,0,0,0
602402,10,0,7,0,0
602403,2,0,0,0,0
602404,0,0,0,0,0
602504,16,0,0,0,0
602505,2,0,0,0,0
602506,1,0,0,0,0
602507,5,0,0,0,0
602508,9,0,0,0,0
602509,12,0,0,0,0
602600,18,0,6,0,0
602700,9,12,0,3216,220
602801,88,28,0,7397,471
602802,55,31,0,8066,489
602900,70,3,0,669,18
603001,7,3,0,669,18
603004,2,3,0,669,18
603005,2,3,0,669,18
603006,4,3,0,669,18
603101,11,3,78,669,18
603102,5,3,0,1522,28
603200,2,0,0,853,10
603301,2,3,0,669,18
603302,19,3,0,1522,28
603400,13,0,0,0,0
603500,9,0,0,0,0
603600,22,0,0,0,0
603702,12,0,0,0,0
603703,1,0,0,0,0
603704,10,0,0,0,0
603801,1,0,0,0,0
603802,29,0,0,0,0
603900,3,0,0,0,0
604001,0,0,0,0,0
604002,6,0,0,0,0
604100,4,0,0,0,0
609900,44,37,0,7047,134
620001,2,0,0,6,0
620002,0,0,0,6,0
620101,4,0,0,6,0
620102,0,0,0,6,0
620201,0,0,0,0,0
620301,2,0,0,0,0
620303,0,0,0,0,0
620305,1,0,0,0,0
620400,1,0,0,0,0
620501,105,0,0,0,0
620521,1,0,0,0,0
620522,0,0,0,0,0
620601,18,0,0,0,0
620602,2,0,0,0,0
620701,6,0,0,0,0
620702,0,0,0,0,0
620800,0,0,0,0,0
620901,0,0,0,0,0
620904,0,0,0,0,0
621001,0,0,0,0,0
621002,2,0,6,0,0
621004,6,0,0,0,0
621102,3,0,0,0,0
621104,9,0,0,0,0
621201,4,0,0,0,0
621204,50,0,0,0,0
621301,0,0,0,0,0
621324,3,0,0,0,0
621326,17,0,0,0,0
621400,10,0,0,0,0
650001,0,0,0,0,0
650003,3,0,0,0,0
650004,0,0,0,0,0
650101,4,0,0,853,10
650102,2,0,0,0,0
650200,7,0,0,0,0
650300,18,0,0,0,0
650401,1,4,0,1203,25
650501,6,0,0,0,0
650502,4,0,0,0,0
650602,11,0,0,0,0
650603,9,0,0,0,0
650604,2,0,0,0,0
650605,0,0,0,0,0
650701,4,0,0,0,0
650702,0,0,0,0,0
650800,1,0,0,0,0
650901,2,4,0,1203,25
650902,0,4,0,1203,25
651001,0,4,0,1203,25
651002,6,4,0,1203,25
651101,2,0,0,0,0
651102,0,0,0,0,0
651201,8,0,0,0,0
651221,0,0,0,0,0
651222,2,0,0,0,0
651302,5,0,0,0,0
651304,3,0,0,0,0
651401,0,0,0,61,3
651402,0,0,0,0,0
670001,0,4,0,1264,28
670002,1,0,0,61,3
670003,27,0,17,61,3
670100,5,6,0,1897,43
670201,0,0,0,0,0
670202,0,0,0,0,0
670324,4,0,0,0,0
670326,0,0,0,0,0
670328,0,0,0,0,0
670403,0,0,0,5,0
670405,0,0,0,5,0
670406,0,0,0,5,0
670407,0,0,0,5,0
670411,0,0,0,5,0
670413,0,0,0,5,0
670416,0,0,0,5,0
670500,0,0,0,0,0
670602,0,0,0,5,0
670701,1,0,0,66,3
670702,0,0,0,5,0
700101,35,17,0,9874,81
700102,8,17,0,9874,81
700200,9,12,6,6537,63
700300,10,12,20,10030,91
700400,7,1,0,9338,50
700501,3,0,0,6626,53
700502,9,0,0,3493,28
700600,3,0,0,3133,25
700700,4,0,0,3160,25
700801,3,0,0,3165,25
700802,0,0,0,5,0
700901,5,0,0,5,0
700902,0,8,0,4689,37
701000,1,0,0,27,0
701100,384,26,689,23271,143
701201,0,4,0,754,4
701202,8,0,0,18,0
701302,4,0,0,18,0
701304,10,4,0,754,4
701402,28,0,0,18,0
701501,84,0,103,18,0
701502,24,0,0,18,0
701601,6,0,0,18,0
701602,21,0,0,18,0
701701,16,0,7,0,0
701702,70,0,277,0,0
701801,53,0,55,0,0
701802,116,0,18,0,0
701902,193,0,0,0,0
702002,22,0,0,0,0
702102,29,0,0,0,0
702201,16,0,10,0,0
702202,5,0,0,0,0
702300,7,0,0,0,0
702400,5,1,0,240,1
702501,4,4,0,1294,16
702502,8,26,0,5992,134
702600,15,3,0,1054,15
702700,1,3,0,1054,15
702801,5,4,0,1294,16
702802,29,10,0,7553,51
702803,51,11,169,9585,63
702901,35,4,0,3086,27
703001,4,3,0,1054,15
703002,0,7,0,12506,60
703100,7,20,0,6662,300
703200,13,20,0,6545,295
800101,0,1,0,4792,104
800102,0,1,0,4793,104
800202,0,0,0,9,1
800203,0,0,0,9,1
800204,0,6,0,8529,101
800324,21,0,0,0,0
800325,0,0,0,0,0
800326,41,0,0,1,0
800327,0,0,0,0,0
800328,0,0,0,9,1
800329,0,0,0,9,1
800330,0,0,0,1,0
800331,0,0,0,0,0
800332,0,0,0,0,0
800406,4,0,0,1,0
800408,83,0,0,1,0
800410,10,0,0,1,0
800504,41,0,0,10,1
800506,23,0,0,2,0
900102,206,0,0,0,0
900103,232,0,0,0,0
900104,184,0,0,0,0
900201,11,0,0,0,0
900300,9,0,0,0,0
900501,56,0,0,0,0
900504,215,0,0,0,0
900505,4,0,0,0,0
900506,5,0,0,0,0
900507,0,0,0,0,0
900508,0,0,0,0,0
900602,25,0,0,0,0
900605,31,0,0,0,0
900606,12,0,0,0,0
900607,95,0,87,0,0
900608,6,0,0,0,0
900609,18,0,0,0,0
900701,39,0,18,0,0
900703,88,0,21,0,0
900704,26,0,10,0,0
900705,6,0,0,0,0
900803,32,0,0,0,0
900804,0,0,0,0,0
900805,68,0,0,0,0
900806,166,0,333,0,0
900900,13,0,0,0,0
901003,0,0,0,0,0
901004,29,0,45,0,0
901007,5,0,0,0,0
901008,67,0,0,0,0
901009,39,0,0,0,0
901010,13,0,0,0,0
901011,10,0,0,0,0
901101,0,0,0,0,0
901102,0,0,0,0,0
901205,0,0,0,0,0
901209,32,0,0,0,0
901210,0,0,0,0,0
901213,0,0,0,0,0
910001,373,0,0,0,0
910002,152,0,0,0,0
910101,0,0,0,0,0
910201,29,0,0,0,0
910202,18,0,0,0,0
910205,4,0,0,0,0
910206,1,0,0,0,0
910207,6,0,0,0,0
910208,5,0,0,0,0
910209,6,0,0,0,0
910210,0,0,0,0,0
910301,1,0,0,0,0
910302,0,0,0,0,0
910401,5,0,0,0,0
910402,9,0,0,0,0
910403,26,0,0,0,0
910404,10,0,0,0,0
910501,11,0,0,0,0
910502,12,0,0,0,0
910504,2,0,0,0,0
910505,8,0,0,0,0
910601,5,0,0,0,0
910602,6,0,0,0,0
910603,2,0,0,0,0
910605,1,0,0,0,0
910606,0,0,0,0,0
910705,0,0,0,0,0
910706,5,0,0,0,0
910707,6,0,0,0,0
910709,2,0,0,0,0
910711,0,0,0,0,0
910712,4,0,0,0,0
910713,0,0,0,0,0
910714,6,0,0,0,0
910715,18,0,0,0,0
910716,29,0,0,0,0
910804,21,0,0,0,0
910805,0,0,0,0,0
910807,0,0,0,0,0
910808,7,0,0,0,0
910809,2,0,0,0,0
910810,3,0,0,0,0
910811,10,0,0,0,0
910812,13,0,0,0,0
910813,0,0,0,0,0
911001,216,0,0,0,0
920011,0,0,0,0,0
920012,3,0,0,0,0
920013,5,0,0,0,0
920015,0,0,0,0,0
920016,4,0,0,0,0
920017,0,0,0,0,0
920018,11,0,0,0,0
920020,0,0,0,0,0
920023,4,0,0,0,0
920026,16,0,0,0,0
920028,0,0,0,0,0
920029,0,0,0,0,0
920030,0,0,0,0,0
920031,29,0,0,0,0
920032,0,0,0,0,0
920033,16,0,0,0,0
920034,0,0,0,0,0
920035,12,0,14,0,0
920036,25,0,0,0,0
920037,2,0,0,0,0
920038,3,0,0,0,0
920039,0,0,0,0,0
920040,2,0,0,0,0
920041,12,0,0,0,0
920042,9,0,0,0,0
920043,0,0,0,0,0
920044,6,0,0,0,0
920045,0,0,0,0,0
920102,0,0,0,0,0
920104,0,0,0,0,0
920106,3,0,0,0,1
920107,11,0,0,0,1
920108,1,0,0,0,1
920109,1,0,0,0,0
920110,0,0,0,0,0
920111,3,0,0,0,0
920112,0,0,0,0,0
920114,0,0,0,0,1
920115,8,0,0,0,1
920116,19,0,0,0,0
920118,63,0,0,0,1
920119,0,0,0,0,0
920200,1,0,0,0,0
920303,0,14,0,5071,141
920312,1,0,0,0,0
920313,0,0,0,0,0
920314,62,0,38,0,0
920322,0,0,0,0,1
920326,0,0,0,0,0
920328,0,0,0,0,1
920329,39,0,0,0,1
920330,48,0,0,0,1
920331,0,0,0,0,1
920332,2,0,0,0,0
920334,0,0,0,0,1
920336,11,0,0,0,1
920337,3,0,0,0,0
920338,0,0,0,0,0
920339,9,0,0,0,1
930101,3,7,0,2900,69
930200,138,28,160,9402,304
930301,7,0,0,0,0
930401,5,7,0,13302,203
980001,12,0,0,99,1
980002,0,0,0,2,0
980003,4,0,0,0,0
980004,0,0,0,0,0
980005,7,4,0,1203,25
980008,16,7,0,9808,228
980009,46,45,0,10840,113
980010,10,37,0,12259,75
980013,12,0,0,6,0
980014,220,21,0,2829,82
980015,21,58,0,9874,216
980019,8,10,0,6667,32
980020,23,0,0,0,0
980021,80,50,0,15887,514
980022,0,29,0,12774,430
980023,25,27,0,9277,187
980024,78,31,0,14135,240
980025,1,0,0,2,0
980026,13,13,0,5448,130
980028,24,10,0,13987,78
980030,2,0,0,6,0
980031,24,47,0,7704,167
